Survived,Pclass,Sex,Age,Parch,Fare,Embarked,NameLength,HasCabin,FamilySize,IsAlone,CategoricalFare,CategoricalAge,Title
0,3,1,22,0,7.25,0,23,0,2,0,0,1,3
1,1,0,38,0,71.2833,1,51,1,2,0,3,3,2
1,3,0,26,0,7.925,0,22,0,1,1,1,2,4
1,1,0,35,0,53.1,0,44,1,2,0,3,3,2
0,3,1,35,0,8.05,0,24,0,1,1,1,3,3
0,3,1,42,0,8.4583,2,16,0,1,1,1,4,3
0,1,1,54,0,51.8625,0,23,1,1,1,3,4,3
0,3,1,2,1,21.075,0,30,0,5,0,2,0,4
1,3,0,27,2,11.1333,0,49,0,3,0,1,2,2
1,2,0,14,0,30.0708,1,35,0,2,0,2,0,2
1,3,0,4,1,16.7,0,31,1,3,0,2,0,4
1,1,0,58,0,26.55,0,24,1,1,1,2,4,4
0,3,1,20,0,8.05,0,30,0,1,1,1,1,3
0,3,1,39,5,31.275,0,27,0,7,0,3,3,3
0,3,0,14,0,7.8542,0,36,0,1,1,0,0,4
1,2,0,55,0,16.0,0,32,0,1,1,2,4,2
0,3,1,2,1,29.125,2,20,0,6,0,2,0,4
1,2,1,37,0,13.0,0,28,0,1,1,1,3,3
0,3,0,31,0,18.0,0,55,0,2,0,2,2,2
1,3,0,29,0,7.225,1,23,0,1,1,0,2,2
0,2,1,35,0,26.0,0,20,0,1,1,2,3,3
1,2,1,34,0,13.0,0,21,1,1,1,1,3,3
1,3,0,15,0,8.0292,2,27,0,1,1,1,0,4
1,1,1,28,0,35.5,0,28,1,1,1,3,2,3
0,3,0,8,1,21.075,0,29,0,5,0,2,0,4
1,3,0,38,5,31.3875,0,57,0,7,0,3,3,2
0,3,1,16,0,7.225,1,23,0,1,1,0,0,3
0,1,1,19,2,263.0,0,30,1,6,0,3,0,3
1,3,0,25,0,7.8792,2,29,0,1,1,0,1,4
0,3,1,43,0,7.8958,0,19,0,1,1,0,4,3
0,1,1,40,0,27.7208,1,24,0,1,1,2,3,4
1,1,0,25,0,146.5208,1,46,1,2,0,3,1,2
1,3,0,33,0,7.75,2,24,0,1,1,0,3,4
0,2,1,66,0,10.5,0,21,0,1,1,1,4,3
0,1,1,28,0,82.1708,1,23,0,2,0,3,2,3
0,1,1,42,0,52.0,0,30,0,2,0,3,4,3
1,3,1,20,0,7.2292,1,16,0,1,1,0,1,3
0,3,1,21,0,8.05,0,24,0,1,1,1,1,3
0,3,0,18,0,18.0,0,34,0,3,0,2,0,4
1,3,0,14,0,11.2417,1,27,0,2,0,1,0,4
0,3,0,40,0,9.475,0,46,0,2,0,1,3,2
0,2,0,27,0,21.0,0,56,0,2,0,2,2,2
0,3,1,31,0,7.8958,1,19,0,1,1,0,2,3
1,2,0,3,2,41.5792,1,40,0,4,0,3,0,4
1,3,0,19,0,7.8792,2,29,0,1,1,0,0,4
0,3,1,40,0,8.05,0,24,0,1,1,1,3,3
0,3,1,36,0,15.5,2,17,0,2,0,2,3,3
1,3,0,32,0,7.75,2,25,0,1,1,0,2,4
0,3,1,35,0,21.6792,1,19,0,3,0,2,3,3
0,3,0,18,0,17.8,0,45,0,2,0,2,0,2
0,3,1,7,1,39.6875,0,26,0,6,0,3,0,4
0,3,1,21,0,7.8,0,28,0,1,1,0,1,3
1,1,0,49,0,76.7292,1,40,1,2,0,3,4,2
1,2,0,29,0,26.0,0,50,0,2,0,2,2,2
0,1,1,65,1,61.9792,1,30,1,2,0,3,4,3
1,1,1,34,0,35.5,0,17,1,1,1,3,3,3
1,2,0,21,0,10.5,0,17,0,1,1,1,1,4
0,3,1,28,0,7.2292,1,19,0,1,1,0,2,3
1,2,0,5,2,27.75,0,28,0,4,0,2,0,4
0,3,1,11,2,46.9,0,34,0,8,0,3,0,4
0,3,1,22,0,7.2292,1,21,0,1,1,0,1,3
1,1,0,38,0,80.0,0,19,1,1,1,3,3,4
0,1,1,45,0,83.475,0,27,1,2,0,3,4,3
0,3,1,4,2,27.9,0,21,0,6,0,2,0,4
0,1,1,29,0,27.7208,1,21,0,1,1,2,2,3
1,3,1,33,1,15.2458,1,24,0,3,0,2,3,4
1,2,0,29,0,10.5,0,28,1,1,1,1,2,2
0,3,1,19,0,8.1583,0,24,0,1,1,1,0,3
1,3,0,17,2,7.925,0,31,0,7,0,1,0,4
0,3,1,26,0,8.6625,0,17,0,3,0,1,2,3
0,2,1,32,0,10.5,0,26,0,1,1,1,2,3
0,3,0,16,2,46.9,0,26,0,8,0,3,0,4
0,2,1,21,0,73.5,0,20,0,1,1,3,1,3
0,3,1,26,0,14.4542,1,27,0,2,0,1,2,3
1,3,1,32,0,56.4958,0,13,0,1,1,3,2,3
0,3,1,25,0,7.65,0,23,1,1,1,0,1,3
0,3,1,40,0,7.8958,0,17,0,1,1,0,3,3
0,3,1,15,0,8.05,0,24,0,1,1,1,0,3
1,2,1,0,2,29.0,0,29,0,3,0,2,0,4
1,3,0,30,0,12.475,0,24,0,1,1,1,2,4
0,3,1,22,0,9.0,0,20,0,1,1,1,1,3
1,3,1,29,0,9.5,0,27,0,1,1,1,2,3
1,3,0,40,0,7.7875,2,30,0,1,1,0,3,4
0,1,1,28,0,47.1,0,23,0,1,1,3,2,3
1,2,0,17,0,10.5,0,19,0,1,1,1,0,4
1,3,0,33,0,15.85,0,55,0,4,0,2,3,2
0,3,1,16,3,34.375,0,22,0,5,0,3,0,3
0,3,1,34,0,8.05,0,29,0,1,1,1,3,3
1,1,0,23,2,263.0,0,26,1,6,0,3,1,4
0,3,1,24,0,8.05,0,22,0,1,1,1,1,3
0,3,1,29,0,8.05,0,20,0,1,1,1,2,3
0,3,1,20,0,7.8542,0,26,0,1,1,0,1,3
0,1,1,46,0,61.175,0,27,1,2,0,3,4,3
0,3,1,26,2,20.575,0,23,0,4,0,2,2,3
0,3,1,59,0,7.25,0,17,0,1,1,0,4,3
0,3,1,33,0,8.05,0,27,0,1,1,1,3,3
0,1,1,71,0,34.6542,1,25,1,1,1,3,4,3
1,1,1,23,1,63.3583,1,31,1,2,0,3,1,3
1,2,0,34,1,23.0,0,36,0,2,0,2,3,2
0,2,1,34,0,26.0,0,17,0,2,0,2,3,3
0,3,0,28,0,7.8958,0,23,0,1,1,0,2,4
0,3,1,28,0,7.8958,0,32,0,1,1,0,2,3
0,1,1,21,1,77.2875,0,25,1,2,0,3,1,3
0,3,1,33,0,8.6542,0,26,0,1,1,1,3,3
0,3,1,37,0,7.925,0,30,0,3,0,1,3,3
0,3,1,28,0,7.8958,0,21,0,1,1,0,2,3
1,3,0,21,0,7.65,0,32,0,1,1,0,1,4
1,3,1,39,0,7.775,0,22,0,1,1,0,3,3
0,3,1,38,0,7.8958,0,15,0,1,1,0,3,3
1,3,0,15,0,24.15,2,19,0,2,0,2,0,4
0,1,1,47,0,52.0,0,30,1,1,1,3,4,3
0,3,0,14,0,14.4542,1,20,0,2,0,1,0,4
0,3,1,22,0,8.05,0,22,0,1,1,1,1,3
0,3,0,20,0,9.825,0,23,0,2,0,1,1,4
0,3,0,17,0,14.4583,1,21,0,1,1,2,0,4
0,3,1,21,0,7.925,0,21,0,1,1,1,1,3
0,3,1,70,0,7.75,2,20,0,1,1,0,4,3
0,2,1,29,0,21.0,0,31,0,2,0,2,2,3
0,1,1,24,1,247.5208,1,24,1,2,0,3,1,3
0,3,0,2,2,31.275,0,33,0,7,0,3,0,4
0,2,1,21,0,73.5,0,27,0,3,0,3,1,3
0,3,1,38,0,8.05,0,26,0,1,1,1,3,3
0,2,1,32,0,30.0708,1,20,0,2,0,2,2,3
1,2,0,32,0,13.0,0,19,1,1,1,1,2,4
0,1,1,54,1,77.2875,0,27,1,2,0,3,4,3
1,3,1,12,0,11.2417,1,28,0,2,0,1,0,4
0,3,1,33,0,7.75,2,19,0,1,1,0,3,3
1,3,1,24,0,7.1417,0,25,0,1,1,0,1,3
1,3,0,41,1,22.3583,1,17,1,3,0,2,4,4
0,3,1,45,0,6.975,0,18,0,1,1,0,4,3
0,3,1,33,0,7.8958,1,20,0,1,1,0,3,3
0,3,1,20,0,7.05,0,30,0,1,1,0,1,3
0,3,0,47,0,14.5,0,46,0,2,0,2,4,2
1,2,0,29,0,26.0,0,45,0,2,0,2,2,2
0,2,1,25,0,13.0,0,30,0,1,1,1,1,3
0,2,1,23,0,15.0458,1,18,0,1,1,2,1,3
1,1,0,19,2,26.2833,0,28,1,3,0,2,0,4
0,1,1,37,0,53.1,0,27,1,2,0,3,3,3
0,3,1,16,0,9.2167,0,19,0,1,1,1,0,3
0,1,1,24,0,79.2,1,18,1,1,1,3,1,3
0,3,0,40,2,15.2458,1,29,0,3,0,2,3,2
1,3,0,22,0,7.75,0,24,0,1,1,0,1,4
1,3,0,24,0,15.85,0,52,0,2,0,2,1,2
0,3,1,19,0,6.75,2,19,0,1,1,0,0,3
0,2,1,18,0,11.5,0,26,0,1,1,1,0,3
0,2,1,19,1,36.75,0,28,0,3,0,3,0,3
1,3,1,27,0,7.7958,0,44,0,1,1,0,2,3
0,3,0,9,2,34.375,0,32,0,5,0,3,0,4
0,2,1,36,2,26.0,0,40,1,3,0,2,3,3
0,2,1,42,0,13.0,0,33,0,1,1,1,4,4
0,2,1,51,0,12.525,0,26,0,1,1,1,4,4
1,1,0,22,0,66.6,0,33,1,2,0,3,1,2
0,3,1,55,0,8.05,0,16,0,1,1,1,4,3
0,3,1,40,2,14.5,0,31,0,3,0,2,3,3
0,3,1,36,0,7.3125,0,21,0,1,1,0,3,3
0,1,1,51,1,61.3792,1,27,0,2,0,3,4,3
1,3,0,16,0,7.7333,2,32,0,1,1,0,0,4
0,3,1,30,0,8.05,0,15,0,1,1,1,2,3
0,3,1,40,0,8.6625,0,19,0,1,1,1,3,3
0,3,1,40,2,69.55,0,26,0,11,0,3,3,4
0,3,1,44,1,16.1,0,24,0,2,0,2,4,3
1,2,0,40,0,15.75,0,50,0,1,1,2,3,2
0,3,1,26,0,7.775,0,26,0,1,1,0,2,3
0,3,1,17,0,8.6625,0,15,0,1,1,1,0,3
0,3,1,1,1,39.6875,0,28,0,6,0,3,0,4
1,3,1,9,2,20.525,0,47,0,3,0,2,0,4
1,1,0,33,1,55.0,0,38,1,2,0,3,3,2
0,3,0,45,4,27.9,0,47,0,6,0,2,4,2
0,1,1,37,0,25.925,0,19,0,1,1,2,3,3
0,3,1,28,0,56.4958,0,13,0,1,1,3,2,3
0,1,1,61,0,33.5,0,25,1,1,1,3,4,3
0,3,1,4,1,29.125,2,20,0,6,0,2,0,4
1,3,0,1,1,11.1333,0,28,0,3,0,1,0,4
0,3,1,21,0,7.925,0,25,0,1,1,1,1,3
0,1,1,56,0,30.6958,1,23,1,1,1,2,4,3
0,3,1,18,1,7.8542,0,22,0,3,0,0,0,3
0,3,1,25,1,25.4667,0,29,0,5,0,2,1,4
0,1,0,50,0,28.7125,1,26,1,1,1,2,4,4
0,2,1,30,0,13.0,0,18,0,1,1,1,2,3
0,3,1,36,0,0.0,0,19,0,1,1,0,3,3
0,3,0,32,2,69.55,0,28,0,11,0,3,2,4
0,2,1,27,0,15.05,1,16,0,1,1,2,2,3
0,3,1,9,2,31.3875,0,37,0,7,0,3,0,4
1,2,1,1,1,39.0,0,25,1,4,0,3,0,4
1,3,0,4,2,22.025,0,35,0,3,0,2,0,4
0,1,1,24,0,50.0,0,21,1,1,1,3,1,3
1,3,0,20,0,15.5,2,47,0,2,0,2,1,2
1,1,1,45,0,26.55,0,45,0,1,1,2,4,3
0,3,1,40,1,15.5,2,16,0,3,0,2,3,3
0,3,1,36,0,7.8958,0,19,0,1,1,0,3,3
1,2,0,32,0,13.0,0,19,0,1,1,1,2,2
0,2,1,19,0,13.0,0,21,0,1,1,1,0,3
1,3,0,19,0,7.8542,0,47,0,2,0,0,0,4
1,2,1,3,1,26.0,0,26,1,3,0,2,0,4
1,1,0,44,0,27.7208,1,41,1,1,1,2,4,2
1,1,0,58,0,146.5208,1,20,1,1,1,3,4,4
0,3,1,23,0,7.75,2,19,0,1,1,0,1,3
0,3,1,42,1,8.4042,0,32,0,2,0,1,4,3
1,3,0,42,0,7.75,2,32,0,1,1,0,4,4
0,2,0,24,0,13.0,0,38,0,1,1,1,1,4
0,3,1,28,0,9.5,0,30,0,1,1,1,2,3
0,3,1,41,2,69.55,0,19,0,11,0,3,4,3
0,3,1,34,0,6.4958,0,26,0,1,1,0,3,3
0,3,1,45,0,7.225,1,20,0,1,1,0,4,3
1,3,1,18,0,8.05,0,24,0,1,1,1,0,3
0,3,0,2,1,10.4625,0,26,1,2,0,1,0,4
0,3,1,32,0,15.85,0,26,0,2,0,2,2,3
1,3,1,26,0,18.7875,1,27,0,1,1,2,2,3
1,3,0,16,0,7.75,2,25,0,1,1,0,0,4
1,1,1,40,0,31.0,1,16,1,1,1,2,3,3
0,3,1,24,0,7.05,0,14,0,1,1,0,1,3
1,2,0,35,0,21.0,0,26,0,1,1,2,3,4
0,3,1,22,0,7.25,0,22,0,1,1,0,1,3
0,2,1,30,0,13.0,0,27,0,1,1,1,2,3
0,3,1,34,0,7.75,2,19,0,2,0,0,3,3
1,1,0,31,0,113.275,1,23,1,2,0,3,2,4
1,3,0,27,0,7.925,0,22,0,1,1,1,2,4
0,2,1,42,0,27.0,0,28,0,2,0,2,4,3
1,1,0,32,0,76.2917,1,21,1,1,1,3,2,4
0,2,1,30,0,10.5,0,18,0,1,1,1,2,3
1,3,1,16,0,8.05,0,30,0,1,1,1,0,3
0,2,1,27,0,13.0,0,20,0,1,1,1,2,3
0,3,1,51,0,8.05,0,23,0,1,1,1,4,3
0,3,1,34,0,7.8958,0,20,0,1,1,0,3,3
1,1,1,38,0,90.0,0,28,1,2,0,3,3,3
0,3,1,22,0,9.35,0,28,0,1,1,1,1,3
1,2,1,19,0,10.5,0,25,0,1,1,1,0,3
0,3,1,20,0,7.25,0,31,0,1,1,0,1,3
0,2,1,18,0,13.0,0,25,0,1,1,1,0,3
0,3,0,38,1,25.4667,0,23,0,5,0,2,3,4
1,1,0,35,0,83.475,0,44,1,2,0,3,3,2
0,3,1,29,0,7.775,0,24,0,1,1,0,2,3
0,2,1,59,0,13.5,0,25,0,1,1,1,4,3
1,3,0,5,2,31.3875,0,30,0,7,0,3,0,4
0,2,1,24,0,10.5,0,33,0,1,1,1,1,3
0,3,0,25,0,7.55,0,28,0,1,1,0,1,4
0,2,1,44,0,26.0,0,17,0,2,0,2,4,3
1,2,0,8,2,26.25,0,32,0,3,0,2,0,4
0,2,1,19,0,10.5,0,31,0,1,1,1,0,3
0,2,1,33,0,12.275,0,22,0,1,1,1,3,3
0,3,0,27,0,14.4542,1,21,0,2,0,1,2,4
1,3,0,41,0,15.5,2,30,0,2,0,2,4,4
0,2,1,29,0,10.5,0,31,0,1,1,1,2,3
0,3,1,22,0,7.125,0,29,0,1,1,0,1,3
0,3,1,30,0,7.225,1,20,0,1,1,0,2,3
0,1,1,44,0,90.0,2,27,1,3,0,3,4,4
0,3,0,25,0,7.775,0,37,0,1,1,0,1,4
1,2,0,24,2,14.5,0,31,0,3,0,2,1,2
1,1,1,37,1,52.5542,0,29,1,3,0,3,3,3
0,2,1,54,0,26.0,0,29,0,2,0,2,4,4
0,3,1,34,0,7.25,0,22,0,1,1,0,3,3
0,3,0,29,1,10.4625,0,42,1,3,0,1,2,2
0,1,1,62,0,26.55,0,25,1,1,1,2,4,3
0,3,1,30,0,16.1,0,24,0,2,0,2,2,3
0,3,0,41,2,20.2125,0,40,0,3,0,2,4,2
1,3,0,29,2,15.2458,1,39,0,3,0,2,2,2
1,1,0,39,0,79.2,1,30,0,1,1,3,3,2
1,1,0,30,0,86.5,0,20,1,1,1,3,2,4
1,1,0,35,0,512.3292,1,16,0,1,1,3,3,4
1,2,0,50,1,26.0,0,27,0,2,0,2,4,2
0,3,1,33,0,7.75,2,17,0,1,1,0,3,3
1,3,1,3,2,31.3875,0,33,0,7,0,3,0,4
0,1,1,52,1,79.65,0,17,1,3,0,3,4,3
0,1,1,40,0,0.0,0,21,1,1,1,0,3,3
0,3,0,18,0,7.75,2,18,0,1,1,0,0,4
0,2,1,36,0,10.5,0,17,0,1,1,1,3,3
0,3,1,16,1,39.6875,0,25,0,6,0,3,0,3
1,3,1,25,0,7.775,0,24,0,2,0,0,1,3
1,1,0,58,1,153.4625,0,45,1,2,0,3,4,2
1,1,0,35,0,135.6333,0,22,1,1,1,3,3,4
0,1,1,38,0,31.0,0,21,0,1,1,2,3,3
1,3,1,25,0,0.0,0,28,0,1,1,0,1,3
1,2,0,41,1,19.5,0,41,0,2,0,2,4,2
0,1,1,37,1,29.7,1,21,1,2,0,2,3,3
1,3,0,25,0,7.75,2,26,0,1,1,0,1,4
1,1,0,63,0,77.9583,0,33,1,2,0,3,4,4
0,3,0,45,0,7.75,0,33,0,1,1,0,4,4
0,2,1,36,0,0.0,0,27,0,1,1,0,3,3
0,3,1,7,1,29.125,2,18,0,6,0,2,0,4
1,3,0,35,1,20.25,0,32,0,3,0,2,3,2
0,3,1,65,0,7.75,2,16,0,1,1,0,4,3
0,3,1,28,0,7.8542,0,32,0,1,1,0,2,3
0,3,1,16,0,9.5,0,25,0,1,1,1,0,3
1,3,1,19,0,8.05,0,26,0,1,1,1,0,3
0,1,1,25,0,26.0,0,26,1,1,1,2,1,3
0,3,1,33,0,8.6625,1,19,0,1,1,1,3,3
1,3,1,30,0,9.5,0,23,0,1,1,1,2,3
0,3,1,22,0,7.8958,0,20,0,1,1,0,1,3
1,2,1,42,0,13.0,0,20,0,1,1,1,4,3
1,3,0,22,0,7.75,2,20,0,1,1,0,1,4
1,1,0,26,0,78.85,0,28,0,1,1,3,2,4
1,1,0,19,0,91.0792,1,39,1,2,0,3,0,2
0,2,1,36,0,12.875,1,22,1,1,1,1,3,3
0,3,0,24,0,8.85,0,19,0,1,1,1,1,4
0,3,1,24,0,7.8958,0,16,0,1,1,0,1,3
0,1,1,37,0,27.7208,1,17,0,1,1,2,3,3
0,3,1,23,0,7.2292,1,18,0,1,1,0,1,3
0,1,0,2,2,151.55,0,28,1,4,0,3,0,4
1,1,1,25,0,30.5,0,21,1,1,1,2,1,3
1,1,0,50,1,247.5208,1,47,1,2,0,3,4,2
1,3,0,23,0,7.75,2,40,0,1,1,0,1,4
1,3,1,40,0,23.25,2,18,0,3,0,2,3,3
0,3,1,19,0,0.0,0,31,0,1,1,0,0,3
1,2,0,33,0,12.35,2,19,1,1,1,1,3,4
0,3,1,28,0,8.05,0,33,0,1,1,1,2,3
1,1,1,0,2,151.55,0,30,1,4,0,3,0,4
1,1,0,27,0,110.8833,1,23,0,1,1,3,2,4
1,1,0,17,0,108.9,1,82,1,2,0,3,0,2
0,2,1,30,0,24.0,1,19,0,2,0,2,2,3
1,1,0,30,0,56.9292,1,30,1,1,1,3,2,4
1,1,0,24,0,83.1583,1,30,1,1,1,3,1,4
1,1,0,18,2,262.375,1,26,1,5,0,3,0,4
0,2,0,26,1,26.0,0,37,0,3,0,2,2,2
0,3,1,28,0,7.8958,0,22,0,1,1,0,2,3
0,2,1,43,1,26.25,0,18,0,3,0,2,4,3
1,3,0,26,0,7.8542,0,31,0,1,1,0,2,4
1,2,0,24,0,26.0,0,35,0,2,0,2,1,2
0,2,1,54,0,14.0,0,20,0,1,1,1,4,4
1,1,0,31,2,164.8667,0,24,1,3,0,3,2,4
1,1,0,40,1,134.5,1,56,1,3,0,3,3,2
0,3,1,22,0,7.25,0,18,0,1,1,0,1,3
0,3,1,27,0,7.8958,0,16,0,1,1,0,2,3
1,2,0,30,0,12.35,2,25,0,1,1,1,2,4
1,2,0,22,1,29.0,0,51,0,3,0,2,1,2
0,3,1,17,2,69.55,0,24,0,11,0,3,0,3
1,1,0,36,0,135.6333,1,24,1,1,1,3,3,4
0,3,1,61,0,6.2375,0,25,0,1,1,0,4,3
1,2,0,36,0,13.0,0,23,1,1,1,1,3,2
1,3,0,31,1,20.525,0,46,0,3,0,2,2,2
1,1,0,16,1,57.9792,1,28,1,2,0,3,0,4
1,3,0,35,0,23.25,2,18,0,3,0,2,3,4
0,1,1,45,0,28.5,0,19,1,1,1,2,4,3
0,1,1,38,1,153.4625,0,25,1,2,0,3,3,3
0,3,1,16,0,18.0,0,31,0,3,0,2,0,3
1,1,0,28,0,133.65,0,50,0,2,0,3,2,2
0,3,1,41,0,7.8958,0,18,0,1,1,0,4,3
0,1,1,29,0,66.6,0,25,1,2,0,3,2,3
1,1,0,41,0,134.5,1,31,1,1,1,3,4,4
1,3,1,45,0,8.05,0,21,0,1,1,1,4,3
0,1,1,45,0,35.5,0,28,1,1,1,3,4,3
1,2,1,2,1,26.0,0,30,1,3,0,2,0,4
1,1,0,24,2,263.0,0,30,1,6,0,3,1,4
0,2,1,28,0,13.0,0,26,0,1,1,1,2,3
0,2,1,25,0,13.0,0,42,0,1,1,1,1,3
0,2,1,36,0,13.0,0,23,0,1,1,1,3,3
1,2,0,24,0,13.0,0,29,1,1,1,1,1,4
1,2,0,40,0,13.0,0,25,0,1,1,1,3,4
1,3,0,15,0,16.1,0,41,0,2,0,2,0,2
1,3,1,3,1,15.9,0,38,0,3,0,2,0,4
0,3,1,42,0,8.6625,0,16,0,1,1,1,4,3
0,3,1,23,0,9.225,0,22,0,1,1,1,1,3
0,1,1,18,0,35.0,0,38,1,1,1,3,0,3
0,3,1,15,1,7.2292,1,18,0,3,0,0,0,3
0,3,1,25,0,17.8,0,25,0,2,0,2,1,3
0,3,1,20,0,7.225,1,17,0,1,1,0,1,3
0,3,1,28,0,9.5,0,27,0,1,1,1,2,3
1,1,0,22,1,55.0,0,27,1,2,0,3,1,4
0,2,0,38,0,13.0,0,25,0,1,1,1,3,4
1,3,0,22,0,7.8792,2,20,0,1,1,0,1,4
1,3,0,31,0,7.8792,2,33,0,1,1,0,2,4
0,3,1,40,4,27.9,0,18,0,6,0,2,3,3
0,2,1,29,0,27.7208,1,25,0,2,0,2,2,3
0,3,0,45,1,14.4542,1,31,0,2,0,1,4,2
0,3,1,35,0,7.05,0,15,0,1,1,0,3,3
0,3,1,42,0,15.5,2,19,0,2,0,2,4,3
0,3,1,30,0,7.25,0,30,0,1,1,0,2,3
1,1,0,60,0,75.25,1,48,1,2,0,3,4,2
1,3,0,29,0,7.2292,1,30,0,1,1,0,2,2
1,3,0,35,0,7.75,2,19,0,1,1,0,3,4
1,1,0,24,0,69.3,1,29,1,1,1,3,1,2
1,1,1,25,0,55.4417,1,27,1,2,0,3,1,3
0,3,1,18,0,6.4958,0,25,0,2,0,0,0,3
0,3,1,19,0,8.05,0,26,0,1,1,1,0,3
0,1,1,22,0,135.6333,1,19,0,1,1,3,1,3
0,3,0,3,1,21.075,0,26,0,5,0,2,0,4
1,1,0,17,0,82.1708,1,37,0,2,0,3,0,2
1,3,0,22,0,7.25,0,31,0,1,1,0,1,4
0,1,1,27,2,211.5,1,25,1,3,0,3,2,3
0,3,1,20,0,4.0125,1,19,0,1,1,0,1,3
0,3,1,19,0,7.775,0,27,0,1,1,0,0,3
1,1,0,42,0,227.525,1,21,0,1,1,3,4,4
1,3,0,1,2,15.7417,1,27,0,3,0,2,0,4
0,3,1,32,0,7.925,0,18,0,1,1,1,2,3
1,1,0,35,0,52.0,0,51,0,2,0,3,3,2
0,3,1,18,0,7.8958,0,22,0,1,1,0,0,3
0,2,1,18,0,73.5,0,25,0,1,1,3,0,3
0,3,1,1,2,46.9,0,31,0,8,0,3,0,4
1,2,0,36,0,13.0,0,16,0,1,1,1,3,4
0,3,1,31,0,7.7292,2,20,0,1,1,0,2,3
1,2,0,17,0,12.0,1,21,0,1,1,1,0,4
1,1,1,36,2,120.0,0,26,1,4,0,3,3,3
1,3,1,21,0,7.7958,0,22,0,1,1,0,1,3
0,3,1,28,0,7.925,0,28,0,3,0,1,2,3
1,1,0,23,0,113.275,1,22,1,2,0,3,1,4
1,3,0,24,2,16.7,0,51,1,3,0,2,1,2
0,3,1,22,0,7.7958,0,19,0,1,1,0,1,3
0,3,0,31,0,7.8542,0,19,0,1,1,0,2,4
0,2,1,46,0,26.0,0,23,0,1,1,2,4,3
0,2,1,23,0,10.5,0,16,0,1,1,1,1,4
1,2,0,28,0,12.65,0,32,0,1,1,1,2,2
1,3,1,39,0,7.925,0,18,0,1,1,1,3,3
0,3,1,26,0,8.05,0,15,0,1,1,1,2,3
0,3,0,21,0,9.825,0,24,0,2,0,1,1,4
0,3,1,28,0,15.85,0,30,0,2,0,2,2,3
0,3,0,20,0,8.6625,0,23,0,1,1,1,1,4
0,2,1,34,0,21.0,0,18,0,2,0,2,3,3
0,3,1,51,0,7.75,0,32,0,1,1,0,4,3
1,2,1,3,1,18.75,0,30,0,3,0,2,0,4
0,3,1,21,0,7.775,0,33,0,1,1,0,1,3
0,3,0,18,1,25.4667,0,18,0,5,0,2,0,4
0,3,1,22,0,7.8958,0,18,0,1,1,0,1,3
0,3,1,22,0,6.8583,2,15,0,1,1,0,1,3
1,1,0,33,0,90.0,2,22,1,2,0,3,3,4
0,2,1,21,0,0.0,0,30,0,1,1,0,1,3
1,3,1,44,0,7.925,0,25,0,1,1,1,4,3
0,3,0,25,0,8.05,0,39,0,1,1,1,1,2
1,2,0,34,1,32.5,0,47,0,3,0,3,3,2
1,2,0,18,2,13.0,0,29,0,3,0,1,0,4
0,2,1,30,0,13.0,0,26,0,1,1,1,2,3
0,3,0,10,2,24.15,0,25,0,3,0,2,0,4
0,3,1,20,0,7.8958,1,22,0,1,1,0,1,3
0,3,1,21,0,7.7333,2,19,0,1,1,0,1,3
0,3,1,29,0,7.875,0,18,0,1,1,0,2,3
0,3,0,28,1,14.4,0,54,0,3,0,1,2,2
0,3,1,18,1,20.2125,0,27,0,3,0,2,0,3
0,3,1,32,0,7.25,0,22,0,1,1,0,2,3
1,2,0,28,0,26.0,0,43,0,2,0,2,2,2
1,2,0,19,0,26.0,0,67,0,1,1,2,0,4
0,3,1,29,0,7.75,2,16,0,1,1,0,2,3
1,3,1,32,0,8.05,0,34,1,1,1,1,2,3
1,1,1,28,0,26.55,0,41,1,1,1,2,2,3
1,3,0,31,0,16.1,0,49,0,2,0,2,2,2
1,2,0,42,0,26.0,0,51,0,2,0,2,4,2
0,3,1,17,0,7.125,0,26,0,1,1,0,0,3
0,1,1,50,0,55.9,0,25,1,2,0,3,4,3
1,1,0,14,2,120.0,0,25,1,4,0,3,0,4
0,3,0,21,2,34.375,0,36,0,5,0,3,1,4
1,2,0,24,3,18.75,0,37,0,6,0,2,1,2
0,1,1,64,4,263.0,0,17,1,6,0,3,4,3
0,2,1,31,0,10.5,0,38,0,1,1,1,2,3
1,2,0,45,1,26.25,0,43,0,3,0,2,4,2
0,3,1,20,0,9.5,0,15,0,1,1,1,1,3
0,3,1,25,0,7.775,0,25,0,2,0,0,1,3
1,2,0,28,0,13.0,0,25,0,1,1,1,2,1
1,3,1,26,0,8.1125,0,33,0,1,1,1,2,3
1,1,1,4,2,81.8583,0,25,1,3,0,3,0,4
1,2,0,13,1,19.5,0,33,0,2,0,2,0,4
1,1,1,34,0,26.55,0,27,0,1,1,2,3,3
1,3,0,5,1,19.2583,1,30,0,4,0,2,0,4
1,1,1,52,0,30.5,0,30,1,1,1,2,4,4
0,2,1,36,2,27.75,0,21,0,4,0,2,3,3
0,3,1,43,0,19.9667,0,31,0,2,0,2,4,3
0,1,1,30,0,27.75,1,31,1,1,1,2,2,3
1,1,1,49,0,89.1042,1,24,1,2,0,3,4,3
0,3,1,15,0,8.05,0,19,0,1,1,1,0,3
1,3,1,29,0,7.8958,1,18,0,1,1,0,2,3
0,1,1,65,0,26.55,0,25,1,1,1,2,4,3
1,1,0,32,0,51.8625,0,33,1,2,0,3,2,2
1,2,0,50,0,10.5,0,19,0,1,1,1,4,4
0,3,1,15,0,7.75,2,21,0,1,1,0,0,3
1,1,1,48,0,26.55,0,19,1,1,1,2,4,3
0,3,1,34,0,8.05,0,19,0,1,1,1,3,3
0,1,1,47,0,38.5,0,17,1,1,1,3,4,3
0,2,1,48,0,13.0,0,28,0,1,1,1,4,3
0,3,1,26,0,8.05,0,18,0,1,1,1,2,3
0,3,1,38,0,7.05,0,31,0,1,1,0,3,3
0,2,1,18,0,0.0,0,21,0,1,1,0,0,3
0,1,1,56,0,26.55,0,26,0,1,1,2,4,3
0,3,1,19,0,7.725,2,18,0,1,1,0,0,3
1,3,0,0,1,19.2583,1,29,0,4,0,2,0,4
0,3,1,41,0,7.25,0,17,0,1,1,0,4,3
0,3,1,38,0,8.6625,0,15,0,1,1,1,3,3
1,2,0,33,2,27.75,0,39,0,4,0,2,3,2
1,2,0,23,0,13.7917,1,44,1,1,1,1,1,2
0,3,0,22,0,9.8375,0,27,0,1,1,1,1,4
0,1,1,39,0,52.0,0,27,1,1,1,3,3,3
0,2,1,34,0,21.0,0,23,0,2,0,2,3,3
0,3,1,29,0,7.0458,0,25,0,2,0,0,2,3
0,3,1,22,0,7.5208,0,25,0,1,1,0,1,3
1,3,0,2,1,12.2875,0,24,0,2,0,1,0,4
0,3,1,9,2,46.9,0,30,0,8,0,3,0,4
0,2,1,21,0,0.0,0,32,0,1,1,0,1,3
0,3,1,50,0,8.05,0,24,0,1,1,1,4,3
1,3,0,63,0,9.5875,0,22,0,1,1,1,4,2
1,1,1,25,0,91.0792,1,23,1,2,0,3,1,3
0,3,0,23,1,25.4667,0,22,0,5,0,2,1,4
1,1,0,35,0,90.0,0,47,1,2,0,3,3,2
0,1,1,58,0,29.7,1,23,1,1,1,2,4,3
0,3,1,30,0,8.05,0,29,0,1,1,1,2,3
1,3,1,9,1,15.9,0,37,0,3,0,2,0,4
0,3,1,37,0,19.9667,0,36,0,2,0,2,3,3
0,3,1,21,0,7.25,0,19,0,1,1,0,1,3
0,1,1,55,0,30.5,0,26,1,1,1,2,4,3
0,1,1,71,0,49.5042,1,23,0,1,1,3,4,3
0,3,1,21,0,8.05,0,26,0,1,1,1,1,3
0,3,1,31,0,14.4583,1,21,0,1,1,2,2,3
1,1,0,54,0,78.2667,1,30,1,2,0,3,4,4
0,3,1,34,0,15.1,0,31,0,1,1,2,3,3
0,1,0,25,2,151.55,0,47,1,4,0,3,1,2
0,3,1,24,0,7.7958,0,18,0,1,1,0,1,3
0,3,1,17,0,8.6625,0,16,0,1,1,1,0,3
0,3,0,21,0,7.75,2,19,0,1,1,0,1,4
0,3,0,27,0,7.6292,2,30,0,1,1,0,2,4
0,3,0,37,0,9.5875,0,30,0,1,1,1,3,4
1,1,0,16,0,86.5,0,21,1,1,1,3,0,4
0,1,1,18,0,108.9,1,42,1,2,0,3,0,3
1,2,0,33,2,26.0,0,45,0,3,0,2,3,2
1,1,1,43,0,26.55,0,45,0,1,1,2,4,3
0,3,1,28,0,22.525,0,24,0,1,1,2,2,3
1,3,1,26,0,56.4958,0,14,0,1,1,3,2,3
1,3,1,29,0,7.75,2,24,0,1,1,0,2,3
0,3,1,40,0,8.05,0,17,0,1,1,1,3,3
1,1,1,36,0,26.2875,0,25,1,1,1,2,3,3
1,1,0,54,0,59.4,1,46,0,2,0,3,4,2
0,3,1,24,0,7.4958,0,17,0,1,1,0,1,3
0,1,1,47,0,34.0208,0,28,1,1,1,3,4,3
1,2,0,34,0,10.5,0,28,1,1,1,1,3,2
0,3,1,34,0,24.15,2,17,0,1,1,2,3,3
1,2,0,36,0,26.0,0,52,0,2,0,2,3,2
0,3,1,32,0,7.8958,0,19,0,1,1,0,2,3
1,1,0,30,0,93.5,0,21,1,1,1,3,2,4
0,3,1,22,0,7.8958,0,15,0,1,1,0,1,3
0,3,1,43,0,7.225,1,18,0,1,1,0,4,3
1,1,0,44,1,57.9792,1,47,1,2,0,3,4,2
0,3,1,20,0,7.2292,1,17,0,1,1,0,1,3
0,3,1,40,0,7.75,2,18,0,1,1,0,3,3
1,2,0,50,0,10.5,0,20,0,1,1,1,4,4
0,1,1,30,0,221.7792,0,18,1,1,1,3,2,3
0,3,1,39,0,7.925,0,25,0,1,1,1,3,3
0,2,1,23,1,11.5,0,27,0,4,0,1,1,3
1,2,0,2,1,26.0,0,24,0,3,0,2,0,4
0,3,1,17,0,7.2292,1,17,0,1,1,0,0,3
0,3,1,17,1,7.2292,1,20,0,3,0,0,0,3
1,3,0,18,2,22.3583,1,38,0,3,0,2,0,2
0,3,0,30,0,8.6625,0,19,0,1,1,1,2,4
1,2,0,7,2,26.25,0,22,0,3,0,2,0,4
0,1,1,45,0,26.55,0,33,1,1,1,2,4,4
1,1,0,30,0,106.425,1,19,0,1,1,3,2,4
0,3,1,22,0,14.5,0,24,0,1,1,2,1,3
1,1,0,22,2,49.5,1,34,1,3,0,3,1,4
1,1,0,36,2,71.0,0,23,1,3,0,3,3,4
0,3,0,9,2,31.275,0,36,0,7,0,3,0,4
0,3,0,11,2,31.275,0,33,0,7,0,3,0,4
1,2,1,32,0,26.0,0,17,0,2,0,2,2,3
0,1,1,50,0,106.425,1,26,1,2,0,3,4,3
0,1,1,64,0,26.0,0,28,0,1,1,2,4,3
1,2,0,19,0,26.0,0,33,0,2,0,2,0,2
1,2,1,22,0,13.8625,1,26,0,1,1,1,1,3
0,3,1,33,1,20.525,0,25,0,3,0,2,3,3
1,2,1,8,1,36.75,0,30,0,3,0,3,0,4
1,1,1,17,2,110.8833,1,27,1,3,0,3,0,3
0,2,1,27,0,26.0,0,27,0,1,1,2,2,3
0,3,1,25,0,7.8292,2,20,0,1,1,0,1,3
1,3,1,22,0,7.225,1,33,0,1,1,0,1,3
1,3,0,22,0,7.775,0,18,0,1,1,0,1,4
0,1,1,62,0,26.55,0,18,0,1,1,2,4,3
1,1,0,48,0,39.6,1,65,1,2,0,3,4,4
0,1,1,39,0,227.525,1,19,0,1,1,3,3,3
1,1,0,39,1,79.65,0,38,1,3,0,3,3,2
1,3,0,36,0,17.4,0,44,0,2,0,2,3,2
0,3,1,28,0,7.75,2,24,0,1,1,0,2,3
0,3,1,40,0,7.8958,0,17,0,1,1,0,3,3
0,2,1,28,0,13.5,0,26,0,1,1,1,2,3
0,3,1,22,0,8.05,0,17,0,1,1,1,1,3
0,3,0,39,0,8.05,0,30,0,1,1,1,3,4
0,3,1,24,0,24.15,0,20,0,3,0,2,1,3
0,3,1,19,0,7.8958,0,20,0,1,1,0,0,3
0,3,0,29,4,21.075,0,43,0,5,0,2,2,2
0,3,1,17,0,7.2292,1,19,0,1,1,0,0,3
1,3,1,32,0,7.8542,0,17,0,1,1,0,2,3
1,2,1,62,0,10.5,0,18,0,1,1,1,4,3
1,1,0,53,0,51.4792,0,45,1,3,0,3,4,2
1,1,1,36,0,26.3875,0,32,1,1,1,2,3,3
1,3,0,20,0,7.75,2,17,0,1,1,0,1,4
0,3,1,16,0,8.05,0,28,0,1,1,1,0,3
0,3,1,19,0,14.5,0,20,0,1,1,2,0,3
1,2,0,34,0,13.0,0,20,0,1,1,1,3,4
1,1,0,39,0,55.9,0,41,1,2,0,3,3,2
0,3,0,42,0,14.4583,1,32,0,2,0,2,4,2
1,3,1,32,0,7.925,0,19,0,1,1,1,2,3
1,2,0,25,1,30.0,0,27,0,3,0,2,1,4
1,1,0,39,1,110.8833,1,52,1,3,0,3,3,2
0,2,1,54,0,26.0,0,26,0,1,1,2,4,3
0,1,1,36,0,40.125,1,19,1,1,1,3,3,3
0,3,1,43,0,8.7125,1,19,0,1,1,1,4,3
1,1,0,18,2,79.65,0,19,1,3,0,3,0,4
0,2,1,47,0,15.0,0,23,0,1,1,2,4,3
1,1,1,60,1,79.2,1,32,1,3,0,3,4,3
0,3,1,22,0,8.05,0,21,0,1,1,1,1,3
0,3,1,18,0,8.05,0,19,0,1,1,1,0,3
0,3,1,35,0,7.125,0,20,0,1,1,0,3,3
1,1,0,52,0,78.2667,1,47,1,2,0,3,4,2
0,3,1,47,0,7.25,0,26,0,1,1,0,4,3
0,3,0,39,2,7.75,2,18,0,3,0,0,3,4
0,2,1,37,0,26.0,0,23,0,2,0,2,3,3
0,3,1,36,1,24.15,0,27,0,3,0,2,3,3
1,2,0,29,0,33.0,0,26,0,1,1,3,2,4
0,3,1,49,0,0.0,0,19,0,1,1,0,4,3
0,3,1,43,0,7.225,1,17,0,1,1,0,4,3
1,1,1,49,0,56.9292,1,44,1,2,0,3,4,4
1,2,0,24,1,27.0,0,51,0,4,0,2,1,2
0,3,1,16,0,7.8958,0,20,0,1,1,0,0,3
0,1,1,17,0,42.4,0,25,0,1,1,3,0,3
0,3,1,44,0,8.05,0,25,0,1,1,1,4,3
1,1,1,35,0,26.55,1,31,0,1,1,2,3,3
0,3,1,36,0,15.55,0,29,0,2,0,2,3,3
0,3,1,30,0,7.8958,0,17,0,1,1,0,2,3
1,1,1,27,0,30.5,0,27,0,1,1,2,2,3
1,2,0,22,2,41.5792,1,53,0,4,0,3,1,2
1,1,0,40,0,153.4625,0,25,1,1,1,3,3,4
0,3,0,39,5,31.275,0,57,0,7,0,3,3,2
0,3,1,22,0,7.05,0,21,0,1,1,0,1,3
1,3,0,33,0,15.5,2,27,0,2,0,2,3,4
0,3,1,26,0,7.75,2,16,0,1,1,0,2,3
0,3,1,35,0,8.05,0,31,0,1,1,1,3,3
1,2,0,24,2,65.0,0,19,0,4,0,3,1,4
0,3,1,34,1,14.4,0,25,0,3,0,1,3,3
0,3,0,26,0,16.1,0,47,0,2,0,2,2,2
1,2,0,4,1,39.0,0,27,1,4,0,3,0,4
0,2,1,26,0,10.5,0,19,0,1,1,1,2,3
0,3,1,27,0,14.4542,1,19,0,2,0,1,2,3
1,1,1,42,0,52.5542,0,28,1,2,0,3,4,3
1,3,1,20,1,15.7417,1,16,0,3,0,2,1,3
0,3,1,21,0,7.8542,0,27,0,1,1,0,1,3
0,3,1,21,0,16.1,0,27,0,1,1,2,1,3
0,1,1,61,0,32.3208,0,21,1,1,1,3,4,3
0,2,1,57,0,12.35,2,30,0,1,1,1,4,4
1,1,0,21,0,77.9583,0,29,1,1,1,3,1,4
0,3,1,26,0,7.8958,0,25,0,1,1,0,2,3
0,3,1,21,0,7.7333,2,24,0,1,1,0,1,3
1,1,1,80,0,30.0,0,36,1,1,1,2,4,3
0,3,1,51,0,7.0542,0,27,0,1,1,0,4,3
1,1,1,32,0,30.5,1,25,1,1,1,2,2,4
0,1,1,30,0,0.0,0,29,0,1,1,0,2,3
0,3,0,9,2,27.9,0,18,0,6,0,2,0,4
1,2,0,28,0,13.0,0,17,0,1,1,1,2,4
0,3,1,32,0,7.925,0,26,0,1,1,1,2,3
0,2,1,31,1,26.25,0,19,0,3,0,2,2,3
0,3,0,41,5,39.6875,0,38,0,6,0,3,4,2
0,3,1,27,0,16.1,0,26,0,2,0,2,2,3
0,3,1,20,0,7.8542,0,22,0,1,1,0,1,3
1,1,0,24,0,69.3,1,20,1,1,1,3,1,1
0,3,0,2,2,27.9,0,29,0,6,0,2,0,4
1,3,1,31,0,56.4958,0,15,0,1,1,3,2,3
1,3,0,0,1,19.2583,1,22,0,4,0,2,0,4
1,1,1,48,0,76.7292,1,25,1,2,0,3,4,3
0,3,1,19,0,7.8958,0,17,0,1,1,0,0,3
1,1,1,56,0,35.5,1,35,1,1,1,3,4,4
0,3,1,26,0,7.55,0,18,0,1,1,0,2,3
1,3,0,23,0,7.55,0,31,0,1,1,0,1,4
0,3,1,34,0,7.8958,0,17,0,1,1,0,3,3
1,2,0,18,1,23.0,0,19,0,2,0,2,0,4
0,3,1,21,0,8.4333,0,30,0,1,1,1,1,3
1,3,0,38,0,7.8292,2,29,0,1,1,0,3,4
0,3,0,18,0,6.75,2,28,0,1,1,0,0,4
0,2,1,24,0,73.5,0,25,0,3,0,3,1,3
0,3,1,15,0,7.8958,0,21,0,1,1,0,0,3
0,3,0,32,1,15.5,2,29,0,3,0,2,2,2
0,2,1,23,0,13.0,0,28,0,1,1,1,1,3
0,1,1,58,2,113.275,1,26,1,3,0,3,4,3
1,1,1,50,0,133.65,0,29,0,3,0,3,4,4
0,3,1,40,0,7.225,1,17,0,1,1,0,3,3
0,1,1,47,0,25.5875,0,26,1,1,1,2,4,3
0,3,1,36,0,7.4958,0,16,0,1,1,0,3,3
1,3,1,20,0,7.925,0,27,0,2,0,1,1,3
0,2,1,32,0,73.5,0,18,0,3,0,3,2,3
0,2,1,25,0,13.0,0,27,0,1,1,1,1,3
0,3,1,43,0,7.775,0,26,0,1,1,0,4,3
0,3,1,43,0,8.05,0,15,0,1,1,1,4,3
1,1,0,22,0,52.0,0,49,1,2,0,3,1,2
1,2,0,40,1,39.0,0,61,0,3,0,3,3,2
0,1,1,31,0,52.0,0,22,1,2,0,3,2,3
0,2,1,70,0,10.5,0,27,0,1,1,1,4,3
1,2,1,31,0,13.0,0,21,0,1,1,1,2,3
0,2,1,26,0,0.0,0,26,0,1,1,0,2,3
0,3,1,18,0,7.775,0,30,0,1,1,0,0,3
0,3,1,24,0,8.05,0,29,0,1,1,1,1,3
1,3,0,18,0,9.8417,0,23,0,1,1,1,0,4
0,3,0,43,6,46.9,0,39,0,8,0,3,4,2
1,1,1,36,1,512.3292,1,34,1,2,0,3,3,3
0,3,0,28,0,8.1375,2,19,0,1,1,1,2,4
1,1,1,27,0,76.7292,1,18,1,1,1,3,2,3
0,3,1,20,0,9.225,0,27,0,1,1,1,1,3
0,3,1,14,2,46.9,0,27,0,8,0,3,0,3
0,2,1,60,1,39.0,0,33,0,3,0,3,4,3
0,2,1,25,2,41.5792,1,38,0,4,0,3,1,3
0,3,1,14,1,39.6875,0,24,0,6,0,3,0,3
0,3,1,19,0,10.1708,0,17,0,1,1,1,0,3
0,3,1,18,0,7.7958,0,31,0,1,1,0,0,3
1,1,0,15,1,211.3375,0,33,1,2,0,3,0,4
1,1,1,31,0,57.0,0,23,1,2,0,3,2,3
1,3,0,4,1,13.4167,1,18,0,2,0,1,0,4
1,3,1,15,0,56.4958,0,12,0,1,1,3,0,3
0,3,1,25,0,7.225,1,16,0,1,1,0,1,3
0,1,1,60,0,26.55,0,15,0,1,1,2,4,4
0,2,1,52,0,13.5,0,26,0,1,1,1,4,3
0,3,1,44,0,8.05,0,16,0,1,1,1,4,3
1,3,0,25,0,7.7333,2,32,0,1,1,0,1,4
0,1,1,49,1,110.8833,1,24,1,3,0,3,4,3
0,3,1,42,0,7.65,0,40,1,1,1,0,4,3
1,1,0,18,0,227.525,1,49,1,2,0,3,0,2
1,1,1,35,0,26.2875,0,32,1,1,1,2,3,3
0,3,0,18,1,14.4542,1,21,0,2,0,1,0,4
0,3,1,25,0,7.7417,2,21,0,1,1,0,1,3
0,3,1,26,0,7.8542,0,23,0,2,0,0,2,3
0,2,1,39,0,26.0,0,46,0,1,1,2,3,3
1,2,0,45,0,13.5,0,29,0,1,1,1,4,2
1,1,1,42,0,26.2875,0,33,1,1,1,2,4,3
1,1,0,22,0,151.55,0,20,0,1,1,3,1,4
1,3,1,25,1,15.2458,1,49,0,3,0,2,1,4
1,1,0,24,0,49.5042,1,48,1,1,1,3,1,1
0,1,1,19,0,26.55,0,18,1,1,1,2,0,3
1,1,1,48,0,52.0,0,24,1,2,0,3,4,3
0,3,1,29,0,9.4833,0,26,0,1,1,1,2,3
0,2,1,52,0,13.0,0,21,0,1,1,1,4,3
0,3,1,19,0,7.65,0,42,1,1,1,0,0,3
1,1,0,38,0,227.525,1,29,1,1,1,3,3,4
1,2,0,27,0,10.5,0,35,1,1,1,1,2,4
0,3,1,25,0,15.5,2,19,0,1,1,2,1,3
0,3,1,33,0,7.775,0,28,0,1,1,0,3,3
1,2,0,6,1,33.0,0,33,0,2,0,3,0,4
0,3,1,17,0,7.0542,0,25,0,2,0,0,0,3
0,2,1,34,0,13.0,0,28,0,1,1,1,3,3
0,2,1,50,0,13.0,0,23,0,1,1,1,4,3
1,1,1,27,0,53.1,0,29,1,2,0,3,2,3
0,3,1,20,0,8.6625,0,19,0,1,1,1,1,3
1,2,0,30,0,21.0,0,43,0,4,0,2,2,2
1,3,0,22,0,7.7375,2,24,0,1,1,0,1,4
0,2,1,25,0,26.0,0,31,0,2,0,2,1,3
0,3,0,25,0,7.925,0,29,0,2,0,1,1,4
1,1,0,29,0,211.3375,0,29,1,1,1,3,2,4
0,3,1,11,0,18.7875,1,24,0,1,1,2,0,3
0,2,1,37,0,0.0,0,20,0,1,1,0,3,3
0,2,1,23,0,13.0,0,26,0,1,1,1,1,3
0,2,1,23,0,13.0,0,28,0,1,1,1,1,3
0,3,1,28,0,16.1,0,20,0,1,1,2,2,3
0,3,0,48,3,34.375,0,39,0,5,0,3,4,2
1,1,1,35,0,512.3292,1,22,1,1,1,3,3,3
0,3,1,35,0,7.8958,0,18,0,1,1,0,3,3
0,3,1,32,0,7.8958,0,18,0,1,1,0,2,3
1,1,1,41,0,30.0,0,27,1,1,1,2,4,3
0,1,1,36,0,78.85,0,29,1,2,0,3,3,3
1,1,0,21,2,262.375,1,37,1,5,0,3,1,4
0,3,1,24,0,16.1,0,17,0,2,0,2,1,3
1,3,1,31,0,7.925,0,18,0,1,1,1,2,3
0,1,1,70,1,71.0,0,28,1,3,0,3,4,4
0,3,1,16,1,20.25,0,27,0,3,0,2,0,3
1,2,0,30,0,13.0,0,21,0,1,1,1,2,4
0,1,1,19,0,53.1,0,25,1,2,0,3,0,3
0,3,1,31,0,7.75,2,23,0,1,1,0,2,3
1,2,0,4,1,23.0,0,17,0,3,0,2,0,4
1,3,1,6,1,12.475,0,19,1,2,0,1,0,4
0,3,1,33,0,9.5,0,32,0,1,1,1,3,3
0,3,1,23,0,7.8958,0,18,0,1,1,0,1,3
1,2,0,48,2,65.0,0,32,0,4,0,3,4,2
1,2,1,0,1,14.5,0,25,0,3,0,2,0,4
0,3,1,28,0,7.7958,0,28,0,1,1,0,2,3
0,2,1,18,0,11.5,0,24,0,1,1,1,0,3
0,3,1,34,0,8.05,0,28,0,1,1,1,3,3
1,1,0,33,0,86.5,0,56,1,1,1,3,3,4
0,3,1,29,0,14.5,0,18,0,1,1,2,2,3
0,3,1,41,0,7.125,0,30,0,1,1,0,4,3
1,3,1,20,0,7.2292,1,21,0,1,1,0,1,3
1,1,0,36,2,120.0,0,41,1,4,0,3,3,2
0,3,1,16,0,7.775,0,22,0,1,1,0,0,3
1,1,0,51,0,77.9583,0,36,1,2,0,3,4,2
0,1,1,27,0,39.6,1,25,0,1,1,3,2,4
0,3,0,30,0,7.75,2,18,0,1,1,0,2,4
0,3,1,40,0,24.15,2,19,0,2,0,2,3,3
0,3,1,32,0,8.3625,0,32,0,1,1,1,2,3
0,3,1,24,0,9.5,0,22,0,1,1,1,1,3
0,3,1,48,0,7.8542,0,23,0,1,1,0,4,3
0,2,0,57,0,10.5,0,17,1,1,1,1,4,2
0,3,1,17,0,7.225,1,15,0,1,1,0,0,3
1,2,0,54,3,23.0,0,37,0,5,0,2,4,2
0,3,1,18,0,7.75,0,39,0,1,1,0,0,3
0,3,1,20,0,7.75,2,16,1,1,1,0,1,3
1,3,0,5,0,12.475,0,29,0,1,1,1,0,4
0,3,1,38,0,7.7375,2,23,0,1,1,0,3,3
1,1,0,43,1,211.3375,0,53,1,2,0,3,4,2
1,3,0,13,0,7.2292,1,20,0,1,1,0,0,4
1,1,0,17,0,57.0,0,41,1,2,0,3,0,2
0,1,1,29,0,30.0,0,22,1,1,1,2,2,3
0,3,1,25,2,23.45,0,22,0,4,0,2,1,3
0,3,1,25,0,7.05,0,16,0,1,1,0,1,3
0,3,1,25,0,7.25,0,34,0,1,1,0,1,3
1,3,0,18,0,7.4958,0,25,0,1,1,0,0,4
0,3,1,8,1,29.125,2,25,0,6,0,2,0,4
1,3,1,1,2,20.575,0,26,0,4,0,2,0,4
0,1,1,46,0,79.2,1,24,1,1,1,3,4,3
0,3,1,20,0,7.75,2,24,0,1,1,0,1,3
0,2,1,16,0,26.0,0,19,0,1,1,2,0,3
0,3,0,20,2,69.55,0,23,0,11,0,3,1,4
0,1,1,19,0,30.6958,1,24,0,1,1,2,0,3
0,3,1,25,0,7.8958,0,21,0,1,1,0,1,3
0,2,1,39,0,13.0,0,18,0,1,1,1,3,3
1,1,0,49,0,25.9292,0,27,1,1,1,2,4,4
1,3,0,31,0,8.6833,0,16,0,1,1,1,2,2
0,3,1,30,0,7.2292,1,28,0,1,1,0,2,3
0,3,0,30,1,24.15,0,52,0,3,0,2,2,2
0,2,1,34,0,13.0,0,20,0,1,1,1,3,3
1,2,0,31,1,26.25,0,43,0,3,0,2,2,2
1,1,1,11,2,120.0,0,35,1,4,0,3,0,4
1,3,1,0,1,8.5167,1,31,0,2,0,1,0,4
1,3,1,27,0,6.975,0,23,0,1,1,0,2,3
0,3,1,31,0,7.775,0,25,0,1,1,0,2,3
0,1,1,39,0,0.0,0,22,1,1,1,0,3,3
0,3,0,18,0,7.775,0,31,0,1,1,0,0,4
0,2,1,39,0,13.0,0,17,0,1,1,1,3,3
1,1,0,33,0,53.1,0,46,1,2,0,3,3,2
0,3,1,26,0,7.8875,0,22,0,1,1,0,2,3
0,3,1,39,0,24.15,0,17,0,1,1,2,3,3
0,2,1,35,0,10.5,0,25,0,1,1,1,3,3
0,3,0,6,2,31.275,0,34,0,7,0,3,0,4
0,3,1,30,0,8.05,0,26,0,1,1,1,2,3
0,1,1,25,0,0.0,0,16,1,1,1,0,1,3
0,3,0,23,0,7.925,0,28,0,1,1,1,1,4
0,2,1,31,1,37.0042,1,18,0,3,0,3,2,3
0,3,1,43,0,6.45,0,32,0,1,1,0,4,3
0,3,1,10,2,27.9,0,28,0,6,0,2,0,4
1,1,0,52,1,93.5,0,50,1,3,0,3,4,2
1,3,1,27,0,8.6625,0,17,0,1,1,1,2,3
0,1,1,38,0,0.0,0,31,0,1,1,0,3,4
1,3,0,27,1,12.475,0,18,1,2,0,1,2,2
0,3,1,2,1,39.6875,0,28,0,6,0,3,0,4
0,3,1,20,0,6.95,2,15,0,1,1,0,1,3
0,3,1,19,0,56.4958,0,12,0,1,1,3,0,3
1,2,1,1,2,37.0042,1,21,0,3,0,3,0,4
1,3,1,35,0,7.75,2,28,0,1,1,0,3,3
1,1,0,62,0,80.0,0,41,1,1,1,3,4,2
1,3,0,15,0,14.4542,1,39,0,2,0,1,0,2
1,2,1,0,1,18.75,0,31,0,3,0,2,0,4
0,3,1,27,0,7.2292,1,14,0,1,1,0,2,3
0,3,1,23,0,7.8542,0,22,0,1,1,0,1,3
0,3,1,18,0,8.3,0,22,0,1,1,1,0,3
1,1,0,39,1,83.1583,1,27,1,3,0,3,3,4
0,3,1,21,0,8.6625,0,16,0,1,1,1,1,3
0,3,1,27,0,8.05,0,19,0,1,1,1,2,3
1,3,1,32,0,56.4958,0,15,0,1,1,3,2,3
1,1,1,35,0,29.7,1,20,1,1,1,2,3,3
0,3,1,20,0,7.925,0,27,0,1,1,1,1,3
0,2,1,16,0,10.5,0,24,0,1,1,1,0,3
1,1,0,30,0,31.0,1,23,0,1,1,2,2,4
0,3,1,34,0,6.4375,1,26,0,1,1,0,3,3
0,3,1,17,0,8.6625,0,19,0,1,1,1,0,3
0,3,1,42,0,7.55,0,19,0,1,1,0,4,3
0,3,1,25,2,69.55,0,24,0,11,0,3,1,3
0,3,1,35,0,7.8958,1,18,0,1,1,0,3,3
0,2,1,28,1,33.0,0,17,0,2,0,3,2,4
1,1,0,20,0,89.1042,1,44,1,2,0,3,1,2
0,3,1,4,2,31.275,0,39,0,7,0,3,0,4
0,3,1,74,0,7.775,0,19,0,1,1,0,4,3
0,3,0,9,1,15.2458,1,23,0,3,0,2,0,4
1,1,0,16,1,39.4,0,25,1,2,0,3,0,4
0,2,0,44,0,26.0,0,45,0,2,0,2,4,2
1,3,0,18,1,9.35,0,26,0,2,0,1,0,2
1,1,0,45,1,164.8667,0,42,0,3,0,3,4,2
1,1,1,51,0,26.55,0,22,1,1,1,2,4,3
1,3,0,24,3,19.2583,1,37,0,4,0,2,1,2
0,3,1,32,0,7.2292,1,16,0,1,1,0,2,3
0,3,1,41,0,14.1083,0,23,0,3,0,1,4,3
0,2,1,21,0,11.5,0,27,0,2,0,1,1,3
1,1,0,48,0,25.9292,0,51,1,1,1,2,4,2
0,3,0,30,2,69.55,0,33,0,11,0,3,2,4
0,2,1,24,0,13.0,0,22,0,1,1,1,1,3
1,2,0,42,0,13.0,0,24,0,1,1,1,4,2
1,2,0,27,0,13.8583,1,28,0,2,0,1,2,4
0,1,1,31,0,50.4958,0,36,1,1,1,3,2,3
0,3,1,42,0,9.5,0,27,0,1,1,1,4,3
1,3,1,4,1,11.1333,0,31,0,3,0,1,0,4
0,3,1,26,0,7.8958,0,17,0,1,1,0,2,3
1,1,0,47,1,52.5542,0,48,1,3,0,3,4,2
0,1,1,33,0,5.0,0,24,1,1,1,0,3,3
0,3,1,47,0,9.0,0,27,0,1,1,1,4,3
1,2,0,28,0,24.0,1,37,0,2,0,2,2,2
1,3,0,15,0,7.225,1,32,0,1,1,0,0,4
0,3,1,20,0,9.8458,0,29,0,1,1,1,1,3
0,3,1,19,0,7.8958,0,20,0,1,1,0,0,3
0,3,1,15,0,7.8958,0,18,0,1,1,0,0,3
1,1,0,56,1,83.1583,1,45,1,2,0,3,4,2
1,2,0,25,1,26.0,0,44,0,2,0,2,1,2
0,3,1,33,0,7.8958,0,18,0,1,1,0,3,3
0,3,0,22,0,10.5167,0,28,0,1,1,1,1,4
0,2,1,28,0,10.5,0,29,0,1,1,1,2,3
0,3,1,25,0,7.05,0,22,0,1,1,0,1,3
0,3,0,39,5,29.125,2,36,0,6,0,2,3,2
0,2,1,27,0,13.0,0,21,0,1,1,1,2,4
1,1,0,19,0,30.0,0,28,1,1,1,2,0,4
0,3,0,24,2,23.45,0,40,0,4,0,2,1,4
1,1,1,26,0,30.0,1,21,1,1,1,2,2,3
0,3,1,32,0,7.75,2,19,0,1,1,0,2,3
